{
  "cycle": 19,
  "stage_idx": 3,
  "injected_constants": {
    "disc_0": 0.5,
    "disc_1": 0.3333333333333333,
    "disc_2": 0.16666666666666666,
    "disc_3": 0.16665960847389508,
    "disc_4": 0.8325546111576977,
    "disc_5": 0.8333333333333334,
    "disc_6": 0.8333333333333333,
    "disc_7": 0.6666666666666666,
    "disc_8": 0.6670164414108952,
    "disc_9": 12.0,
    "disc_10": 4.0,
    "disc_11": 3.9999999999999996,
    "disc_12": 17.0,
    "disc_13": 16.9992800643373,
    "disc_14": 137.0,
    "disc_15": 137.16666666666666,
    "disc_16": 8.0,
    "disc_17": 6.0,
    "disc_18": 6.0002541057009395,
    "disc_19": 0.6931471805599453,
    "disc_20": 0.6933612743506347,
    "disc_21": 1.0986122886681098,
    "disc_22": 2.716646277418005,
    "disc_23": 2.718281828459045,
    "disc_24": 0.36787944117144233,
    "disc_25": 3.1399452432732566,
    "disc_26": 3.141592653589793,
    "disc_27": 3.1396379749715067,
    "disc_28": 1.618033988749895,
    "disc_29": 1.0,
    "disc_30": 0.25,
    "disc_31": 0.5771399643104083,
    "disc_32": 0.5776226504666211,
    "disc_33": 0.5773502691896257,
    "disc_34": 0.08333333333333333,
    "disc_35": 3.0,
    "disc_36": 2.9998800107228827,
    "disc_37": 0.4166666666666667,
    "disc_38": 0.6,
    "disc_39": 0.7500000000000001,
    "disc_40": 0.75,
    "disc_41": 2.0,
    "disc_42": 0.125,
    "disc_43": 0.18185393932862026,
    "disc_44": 16.0,
    "disc_45": 1.5707963267948966,
    "disc_46": 1.5699726216366283,
    "disc_47": 0.1111111111111111,
    "disc_48": 0.39999999999999997,
    "disc_49": 0.4003123183920009,
    "disc_50": 0.2222222222222222,
    "disc_51": 0.5456512608815525,
    "disc_52": 0.6369537826446575,
    "disc_53": 0.9155102405567582,
    "disc_54": 0.9164864246657349,
    "disc_55": 0.9175139347350303,
    "disc_56": 18.0,
    "disc_57": 0.23104906018664842,
    "disc_58": 0.23083509858308343,
    "disc_59": 1.414213562373095,
    "disc_60": 1.4150108160604002,
    "disc_61": 1.4153903091654665,
    "disc_62": 0.19999999999999998,
    "disc_63": 5.0,
    "disc_64": 5.000000000000001,
    "disc_65": 0.7853981633974483,
    "disc_66": 0.7849863108183142,
    "disc_67": 0.7847006554165615,
    "disc_68": 0.6835724313570934,
    "disc_69": 0.45434873911844753,
    "disc_70": 0.4543487391184475,
    "disc_71": 0.5235987755982988,
    "disc_72": 0.5555555555555556,
    "disc_73": 0.7999999999999999,
    "disc_74": 10.0,
    "disc_75": 0.049019607843137254,
    "disc_76": 1.2022458674074696,
    "disc_77": 1.2012127745047758,
    "disc_78": 0.8184845954740465,
    "disc_79": 2.3014565796142468,
    "disc_80": 2.300975890892825,
    "disc_81": 0.4444444444444444,
    "disc_82": 9.0,
    "disc_83": 0.5837594949333178,
    "disc_84": 1.7326819521064414,
    "disc_85": 20.0,
    "disc_86": 11.0,
    "disc_87": 10.99783709598882,
    "disc_88": 13.0,
    "disc_89": 0.875180068573018,
    "disc_90": 14.0,
    "disc_91": 0.8999291899618201,
    "disc_92": 0.4283885167922065,
    "disc_93": 0.5710950049506015,
    "disc_94": 0.0072992700729927005,
    "disc_95": 7.3890560989306495,
    "disc_96": 1.7317748053325315,
    "disc_97": 2.7183733482652843,
    "disc_98": 1.4141714397501424,
    "disc_99": 0.8328841325314081,
    "disc_100": 1.2013284090715264,
    "disc_101": 0.5774197392371705,
    "disc_102": 0.50001554036729,
    "disc_103": 1.0114419883319816,
    "disc_104": 0.693220618356647,
    "disc_105": 0.3333262988911611,
    "disc_106": 0.2876820724517808,
    "disc_107": 0,
    "disc_108": 0.4,
    "disc_109": 1.4142135623730951,
    "disc_110": 0.2,
    "disc_111": 0.8,
    "disc_112": 0.9,
    "disc_113": 0.8999999999999999,
    "disc_114": 0.9000000000000001,
    "disc_115": 0.5833333333333334,
    "disc_116": 1.7320508075688772,
    "disc_117": 1.7320161693018004,
    "disc_118": 0.9166666666666666,
    "disc_119": 0.9166666666666667,
    "disc_120": 0.1,
    "disc_121": 0.09999999999999999,
    "disc_122": 0.3,
    "disc_123": 0.375,
    "disc_124": 0.625,
    "disc_125": 0.7,
    "disc_126": 0.70001554036729,
    "disc_127": 2.23606797749979,
    "disc_128": 0.8888888888888888,
    "disc_129": 7.0,
    "disc_130": 15.0,
    "disc_131": 0.7777777777777777,
    "disc_132": 0.7777777777777778,
    "disc_133": 0.5772582684441772,
    "disc_134": 0.5771593956059986,
    "disc_135": 0.577217699534112,
    "disc_136": 0.5772460863744537,
    "disc_137": 0.9159153359968346,
    "disc_138": 0.9158835995182659,
    "disc_139": 0.9159588038302097,
    "disc_140": 0.9159303983111879,
    "disc_141": 1.202093180465186,
    "disc_142": 1.2021185049412386,
    "disc_143": 1.202064830064115,
    "disc_144": 0.7272727272727273,
    "disc_145": 0.7272743126480076,
    "disc_146": 0.8750011198885655,
    "disc_147": 0.8749978919256155,
    "disc_148": 0.875,
    "disc_149": 0.8571428571428571,
    "disc_150": 0.8571330817980631,
    "disc_151": 0.8571183812639319,
    "disc_152": 0.36363636363636365,
    "disc_153": 0.3636363636363636,
    "disc_154": 0.2857142857142857,
    "disc_155": 0.2857259347006844,
    "disc_156": 19.0,
    "disc_157": 137.04901960784315,
    "disc_158": 137.02269516032942,
    "disc_159": 137.04166666666666,
    "disc_160": 0.5714285714285714,
    "disc_161": 0.5454545454545454,
    "disc_162": 0.5454412000902806,
    "disc_163": 0.5454776459728127,
    "disc_164": 0.42857142857142855,
    "disc_165": 0.42855753203627966,
    "disc_166": 0.4285534981518732,
    "disc_167": 0.8181471805599453,
    "disc_168": 0.8181818181818182,
    "disc_169": 0.8181876557957694,
    "disc_170": 0.8181618001354211,
    "disc_171": 0.7142653177199433,
    "disc_172": 0.7142857142857143,
    "disc_173": 0.7142360343787859,
    "disc_174": 2.7255810985320377,
    "disc_175": 2.725672618338277,
    "disc_176": 1.6449340668482262,
    "disc_177": 1.6450065383332257,
    "disc_178": 1.6450486609561783,
    "disc_179": 0.6829419021429302,
    "disc_180": 0.04899644481881981,
    "disc_181": 0.0489952591744583,
    "disc_182": 0.18181818181818182,
    "disc_183": 0.18181879422238334,
    "disc_184": 0.18181549073994618,
    "disc_185": 2.685596504154809,
    "disc_186": 2.6855965041548093,
    "disc_187": 2.6852892358530593,
    "disc_188": 2.685289235853059,
    "disc_189": 0.09090909090909091,
    "disc_190": 0.6363649870632523,
    "disc_191": 0.6363460328097198,
    "disc_192": 0.6364241323577636,
    "disc_193": 0.6364242090060377,
    "disc_194": 0.2727272727272727,
    "disc_195": 0.2727206000451403,
    "disc_196": 0.27271636461117116,
    "disc_197": 0.14285714285714285,
    "disc_198": 0.23097691383909058,
    "disc_199": 0.45454545454545453,
    "disc_200": 0.45454545454545464,
    "disc_201": 0.9090909090909091,
    "disc_202": 0.33333333333333337,
    "disc_203": 0.8333333333333331,
    "disc_204": 0.6931471805599455,
    "disc_205": 2.718280049110094,
    "disc_206": 1.7320526025046963,
    "disc_207": 0.5772158065515404,
    "disc_208": 0.9159552954680749,
    "disc_209": 0.9159533496243187,
    "disc_210": 0.91594365362043,
    "disc_211": 0.9159436536204298,
    "disc_212": 137.04899525917446,
    "disc_213": 137.0489964448188,
    "disc_214": 0.818188823000027,
    "disc_215": 0.7142775681650526,
    "disc_216": 0.7142698571201088,
    "disc_217": 2.7255793191830864,
    "disc_218": 0.6830134553650706,
    "disc_219": 2.685399788727802,
    "disc_220": 0.6363636363636364,
    "disc_221": 0.23101225153581023,
    "disc_222": 0.23098079279552508,
    "disc_223": 0.4545343334085672,
    "disc_224": 0.4545647049773439,
    "disc_225": 0.007297050775311645,
    "disc_226": 0.007296659274626224,
    "disc_227": 0.007298061090025313,
    "disc_228": 0.2680026690021002,
    "disc_229": 0.26800300379487935,
    "disc_230": 0.26799669794624736,
    "disc_231": 2.3024217239402236,
    "disc_232": 2.302359464054997,
    "disc_233": 0.7000000000000001,
    "disc_234": 0.8750000000000001,
    "disc_235": 0.8181818181818181,
    "disc_236": 0.818161800135421,
    "disc_237": 2.7255784877336713,