{
  "cycle": 1,
  "stage_idx": 1,
  "injected_constants": {
    "disc_0": 1.7317748053325315,
    "disc_1": 2.7183733482652843,
    "disc_2": 1.4141714397501424,
    "disc_3": 0.8328841325314081,
    "disc_4": 1.2013284090715264,
    "disc_5": 0.5774197392371705,
    "disc_6": 0.50001554036729,
    "disc_7": 1.0114419883319816,
    "disc_8": 0.693220618356647,
    "disc_9": 0.3333262988911611,
    "disc_10": 0.2876820724517808
  },
  "convergence_history": [
    [
      1,
      11,
      11
    ]
  ],
  "total_discoveries": 11,
  "timestamp": "2026-04-04T18:48:02.671694"
}