{
  "cycle": 10,
  "stage_idx": 1,
  "injected_constants": {
    "disc_0": 1.7317748053325315,
    "disc_1": 2.7183733482652843,
    "disc_2": 1.4141714397501424,
    "disc_3": 0.8328841325314081,
    "disc_4": 1.2013284090715264,
    "disc_5": 0.5774197392371705,
    "disc_6": 0.50001554036729,
    "disc_7": 1.0114419883319816,
    "disc_8": 0.693220618356647,
    "disc_9": 0.3333262988911611,
    "disc_10": 0.2876820724517808,
    "disc_11": 0.8332730213992804,
    "disc_12": 2.7183469339956368,
    "disc_13": 1.7320084913071006,
    "disc_14": 1.4142039209217987,
    "disc_15": 0.5000050533155208,
    "disc_16": 0.5773481129689246,
    "disc_17": 0.33331601892963336,
    "disc_18": 0.6931836495855817
  },
  "convergence_history": [
    [
      1,
      11,
      11
    ],
    [
      2,
      9,
      1
    ],
    [
      3,
      9,
      9
    ],
    [
      4,
      9,
      9
    ],
    [
      5,
      9,
      9
    ],
    [
      6,
      9,
      9
    ],
    [
      7,
      9,
      9
    ],
    [
      8,
      9,
      9
    ],
    [
      9,
      9,
      9
    ],
    [
      10,
      9,
      9
    ]
  ],
  "total_discoveries": 9,
  "timestamp": "2026-04-04T18:45:51.773152"
}