{
  "cycle": 47,
  "stage_idx": 1,
  "injected_constants": {
    "disc_0": 1.7317748053325315,
    "disc_1": 2.7183733482652843,
    "disc_2": 1.4141714397501424,
    "disc_3": 0.8328841325314081,
    "disc_4": 1.2013284090715264,
    "disc_5": 0.5774197392371705,
    "disc_6": 0.50001554036729,
    "disc_7": 1.0114419883319816,
    "disc_8": 0.693220618356647,
    "disc_9": 0.3333262988911611,
    "disc_10": 0.2876820724517808,
    "disc_11": 0.8332730213992804,
    "disc_12": 0.33333333333333337,
    "disc_13": 1.7320526025046963,
    "disc_14": 2.7183469339956368,
    "disc_15": 1.7320084913071006,
    "disc_16": 1.4142039209217987,
    "disc_17": 0.5000050533155208,
    "disc_18": 0.5773481129689246,
    "disc_19": 0.33331601892963336,
    "disc_20": 0.6931836495855817,
    "disc_21": 0
  },
  "convergence_history": [
    [
      1,
      11,
      11
    ],
    [
      2,
      9,
      1
    ],
    [
      3,
      9,
      0
    ],
    [
      4,
      9,
      0
    ],
    [
      5,
      9,
      0
    ],
    [
      6,
      9,
      0
    ],
    [
      7,
      9,
      0
    ],
    [
      8,
      9,
      0
    ],
    [
      9,
      9,
      0
    ],
    [
      10,
      9,
      0
    ],
    [
      11,
      9,
      0
    ],
    [
      12,
      9,
      0
    ],
    [
      13,
      9,
      0
    ],
    [
      14,
      9,
      0
    ],
    [
      15,
      9,
      0
    ],
    [
      16,
      9,
      0
    ],
    [
      17,
      9,
      0
    ],
    [
      18,
      9,
      0
    ],
    [
      19,
      9,
      0
    ],
    [
      20,
      9,
      0
    ],
    [
      21,
      9,
      0
    ],
    [
      22,
      9,
      0
    ],
    [
      23,
      9,
      0
    ],
    [
      24,
      9,
      0
    ],
    [
      25,
      9,
      0
    ],
    [
      25,
      0,
      0
    ],
    [
      26,
      8,
      2
    ],
    [
      27,
      8,
      0
    ],
    [
      28,
      8,
      0
    ],
    [
      29,
      8,
      0
    ],
    [
      30,
      8,
      0
    ],
    [
      30,
      0,
      0
    ],
    [
      31,
      8,
      0
    ],
    [
      31,
      0,
      0
    ],
    [
      32,
      8,
      0
    ],
    [
      32,
      0,
      0
    ],
    [
      33,
      8,
      0
    ],
    [
      33,
      0,
      0
    ],
    [
      34,
      8,
      0
    ],
    [
      34,
      0,
      0
    ],
    [
      35,
      8,
      0
    ],
    [
      35,
      0,
      0
    ],
    [
      36,
      8,
      0
    ],
    [
      36,
      0,
      0
    ],
    [
      37,
      8,
      0
    ],
    [
      37,
      0,
      0
    ],
    [
      38,
      8,
      0
    ],
    [
      38,
      0,
      0
    ],
    [
      39,
      8,
      0
    ],
    [
      39,
      0,
      0
    ],
    [
      40,
      8,
      0
    ],
    [
      40,
      0,
      0
    ],
    [
      41,
      7,
      0
    ],
    [
      42,
      21,
      21
    ],
    [
      43,
      21,
      0
    ],
    [
      44,
      21,
      0
    ],
    [
      45,
      21,
      0
    ],
    [
      46,
      21,
      0
    ],
    [
      47,
      21,
      0
    ]
  ],
  "total_discoveries": 21,
  "timestamp": "2026-04-04T19:18:47.143253"
}