{
  "mnist": {
    "accuracy": 0.9789,
    "H343": {
      "per_class": {
        "0": {
          "mag_auc": 0.6298623816721025,
          "dir_coherence": 0.8770118951797485,
          "topo_spread": 0.95,
          "n_samples": 980,
          "accuracy": 0.986734693877551
        },
        "1": {
          "mag_auc": 0.4555235137533274,
          "dir_coherence": 0.931855320930481,
          "topo_spread": 0.6,
          "n_samples": 1135,
          "accuracy": 0.9929515418502203
        },
        "2": {
          "mag_auc": 0.6959495949594959,
          "dir_coherence": 0.8238028287887573,
          "topo_spread": 1.0,
          "n_samples": 1032,
          "accuracy": 0.9786821705426356
        },
        "3": {
          "mag_auc": 0.7947979797979798,
          "dir_coherence": 0.8962579965591431,
          "topo_spread": 0.85,
          "n_samples": 1010,
          "accuracy": 0.9801980198019802
        },
        "4": {
          "mag_auc": 0.5531489213639527,
          "dir_coherence": 0.8574554324150085,
          "topo_spread": 1.0,
          "n_samples": 982,
          "accuracy": 0.9755600814663951
        },
        "5": {
          "mag_auc": 0.6320672268907561,
          "dir_coherence": 0.8133652806282043,
          "topo_spread": 0.95,
          "n_samples": 892,
          "accuracy": 0.9809417040358744
        },
        "6": {
          "mag_auc": 0.7362082362082363,
          "dir_coherence": 0.873944878578186,
          "topo_spread": 0.95,
          "n_samples": 958,
          "accuracy": 0.9770354906054279
        },
        "7": {
          "mag_auc": 0.8477997799779978,
          "dir_coherence": 0.9015514850616455,
          "topo_spread": 0.95,
          "n_samples": 1028,
          "accuracy": 0.9824902723735408
        },
        "8": {
          "mag_auc": 0.61875771287536,
          "dir_coherence": 0.8135298490524292,
          "topo_spread": 1.0,
          "n_samples": 974,
          "accuracy": 0.9599589322381931
        },
        "9": {
          "mag_auc": 0.7926678316586573,
          "dir_coherence": 0.8911658525466919,
          "topo_spread": 1.0,
          "n_samples": 1009,
          "accuracy": 0.9722497522299306
        }
      },
      "channel_correlations": {
        "mag_dir": 0.08215065964671518,
        "mag_topo": 0.4694825034125058,
        "dir_topo": -0.6593363390142489,
        "mean_abs_corr": 0.4036565006911566,
        "orthogonality": 0.5963434993088434
      },
      "verdict": "SUPPORTED"
    },
    "H344": {
      "per_class": {
        "0": {
          "within_cos": 0.8770118951797485,
          "dir_precog_acc": 0.5384615384615384,
          "n_wrong": 13
        },
        "1": {
          "within_cos": 0.931855320930481,
          "dir_precog_acc": 0.875,
          "n_wrong": 8
        },
        "2": {
          "within_cos": 0.8238028287887573,
          "dir_precog_acc": 0.8636363636363636,
          "n_wrong": 22
        },
        "3": {
          "within_cos": 0.8962579965591431,
          "dir_precog_acc": 0.9,
          "n_wrong": 20
        },
        "4": {
          "within_cos": 0.8574554324150085,
          "dir_precog_acc": 0.7916666666666666,
          "n_wrong": 24
        },
        "5": {
          "within_cos": 0.8133652806282043,
          "dir_precog_acc": 0.8823529411764706,
          "n_wrong": 17
        },
        "6": {
          "within_cos": 0.873944878578186,
          "dir_precog_acc": 0.6363636363636364,
          "n_wrong": 22
        },
        "7": {
          "within_cos": 0.9015514850616455,
          "dir_precog_acc": 0.8333333333333334,
          "n_wrong": 18
        },
        "8": {
          "within_cos": 0.8135298490524292,
          "dir_precog_acc": 0.8974358974358975,
          "n_wrong": 39
        },
        "9": {
          "within_cos": 0.8911658525466919,
          "dir_precog_acc": 0.7142857142857143,
          "n_wrong": 28
        }
      },
      "correlation": {
        "spearman_r": -0.12727272727272726,
        "p_value": 0.7260570147627894
      },
      "verdict": "REJECTED"
    },
    "H346": {
      "pairs": [
        {
          "pair": [
            0,
            1
          ],
          "tension_gap": 9.892143249511719,
          "cos_sim": -0.6390093564987183,
          "resolution": 16.213315963745117,
          "confusion_rate": 0.0
        },
        {
          "pair": [
            0,
            2
          ],
          "tension_gap": 20.17498779296875,
          "cos_sim": 0.006459208205342293,
          "resolution": 20.0446720123291,
          "confusion_rate": 0.0014910536779324055
        },
        {
          "pair": [
            0,
            3
          ],
          "tension_gap": 18.903430938720703,
          "cos_sim": -0.21455970406532288,
          "resolution": 22.9593448638916,
          "confusion_rate": 0.0010050251256281408
        },
        {
          "pair": [
            0,
            4
          ],
          "tension_gap": 8.791902542114258,
          "cos_sim": -0.29387617111206055,
          "resolution": 11.375633239746094,
          "confusion_rate": 0.0005096839959225281
        },
        {
          "pair": [
            0,
            5
          ],
          "tension_gap": 5.9597930908203125,
          "cos_sim": -0.025057002902030945,
          "resolution": 6.109127521514893,
          "confusion_rate": 0.002670940170940171
        },
        {
          "pair": [
            0,
            6
          ],
          "tension_gap": 1.8539352416992188,
          "cos_sim": 0.16577522456645966,
          "resolution": 1.5465986728668213,
          "confusion_rate": 0.003611971104231166
        },
        {
          "pair": [
            0,
            7
          ],
          "tension_gap": 24.56930923461914,
          "cos_sim": 0.0017116852104663849,
          "resolution": 24.527254104614258,
          "confusion_rate": 0.00149402390438247
        },
        {
          "pair": [
            0,
            8
          ],
          "tension_gap": 6.723625183105469,
          "cos_sim": -0.14433421194553375,
          "resolution": 7.6940741539001465,
          "confusion_rate": 0.0035823950870010235
        },
        {
          "pair": [
            0,
            9
          ],
          "tension_gap": 0.058399200439453125,
          "cos_sim": -0.1293778121471405,
          "resolution": 0.06595475971698761,
          "confusion_rate": 0.002011060834590246
        },
        {
          "pair": [
            1,
            2
          ],
          "tension_gap": 30.06713104248047,
          "cos_sim": 0.3049072027206421,
          "resolution": 20.899446487426758,
          "confusion_rate": 0.0027688047992616522
        },
        {
          "pair": [
            1,
            3
          ],
          "tension_gap": 28.795574188232422,
          "cos_sim": 0.20155176520347595,
          "resolution": 22.99177360534668,
          "confusion_rate": 0.0
        },
        {
          "pair": [
            1,
            4
          ],
          "tension_gap": 1.100240707397461,
          "cos_sim": -0.17310622334480286,
          "resolution": 1.2906992435455322,
          "confusion_rate": 0.0
        },
        {
          "pair": [
            1,
            5
          ],
          "tension_gap": 15.851936340332031,
          "cos_sim": -0.075691357254982,
          "resolution": 17.051790237426758,
          "confusion_rate": 0.0
        },
        {
          "pair": [
            1,
            6
          ],
          "tension_gap": 11.746078491210938,
          "cos_sim": -0.3047107458114624,
          "resolution": 15.325234413146973,
          "confusion_rate": 0.0019111323459149545
        },
        {
          "pair": [
            1,
            7
          ],
          "tension_gap": 34.46145248413086,
          "cos_sim": 0.27900633215904236,
          "resolution": 24.846487045288086,